{
  "result": "NO_AI_SELECTION",
  "stage1_time": 12.79444408416748,
  "stage2_time": 0.004078865051269531,
  "signal_pairs": 24,
  "pairs_scanned": 441,
  "total_time": 12.799529314041138,
  "message": "ИИ не выбрал подходящих пар"
}