{
  "result": "NO_AI_SELECTION",
  "stage1_time": 5.82859468460083,
  "stage2_time": 0.26453137397766113,
  "signal_pairs": 8,
  "total_time": 6.093126058578491,
  "message": "ИИ не выбрал подходящих пар"
}